"Data","Último","Abertura","Alta","Baixa","Var. %"
"05.11.2024","2,670","2,657","2,702","2,657","0,34%"
"04.11.2024","2,661","2,667","2,702","2,655","-0,60%"
"01.11.2024","2,677","2,682","2,694","2,629","-0,11%"
"31.10.2024","2,680","2,698","2,732","2,653","0,90%"
"30.10.2024","2,656","2,544","2,657","2,529","3,39%"
"29.10.2024","2,569","2,513","2,569","2,513","2,19%"
"28.10.2024","2,514","2,559","2,567","2,485","-0,51%"
"25.10.2024","2,527","2,477","2,528","2,471","2,22%"
"24.10.2024","2,472","2,481","2,486","2,452","-1,79%"
"23.10.2024","2,517","2,537","2,538","2,515","-1,76%"
"22.10.2024","2,562","2,550","2,572","2,522","1,07%"
"21.10.2024","2,535","2,423","2,537","2,422","5,01%"
"18.10.2024","2,414","2,456","2,457","2,403","-1,39%"
"17.10.2024","2,448","2,474","2,493","2,433","-0,20%"
"16.10.2024","2,453","2,472","2,484","2,447","-2,04%"
"15.10.2024","2,504","2,523","2,537","2,497","-2,45%"
"14.10.2024","2,567","2,548","2,580","2,547","-0,19%"
"11.10.2024","2,572","2,538","2,601","2,538","1,34%"
"10.10.2024","2,538","2,575","2,587","2,536","-0,90%"
"09.10.2024","2,561","2,522","2,563","2,521","0,99%"
"08.10.2024","2,536","2,545","2,564","2,535","-0,70%"
"07.10.2024","2,554","2,515","2,564","2,511","2,20%"
"04.10.2024","2,499","2,447","2,517","2,437","2,92%"
"03.10.2024","2,428","2,410","2,440","2,409","1,46%"
"02.10.2024","2,393","2,366","2,415","2,366","1,36%"
"01.10.2024","2,361","2,420","2,421","2,326","-3,24%"
"30.09.2024","2,440","2,423","2,473","2,411","0,41%"
"27.09.2024","2,430","2,428","2,450","2,397","-0,90%"
"26.09.2024","2,452","2,450","2,461","2,408","-0,97%"
"25.09.2024","2,476","2,426","2,480","2,419","2,19%"
"24.09.2024","2,423","2,454","2,484","2,413","-1,90%"
"23.09.2024","2,470","2,506","2,510","2,466","-2,26%"
"20.09.2024","2,527","2,516","2,545","2,492","0,56%"
"19.09.2024","2,513","2,536","2,546","2,505","-1,33%"
"18.09.2024","2,547","2,501","2,548","2,497","1,80%"
"17.09.2024","2,502","2,442","2,504","2,428","1,79%"
"16.09.2024","2,458","2,470","2,494","2,455","-1,09%"
"13.09.2024","2,485","2,473","2,495","2,457","-0,68%"
"12.09.2024","2,502","2,473","2,509","2,449","1,87%"
"11.09.2024","2,456","2,468","2,506","2,438","-1,68%"
"10.09.2024","2,498","2,538","2,545","2,498","-1,30%"
"09.09.2024","2,531","2,571","2,591","2,528","-0,28%"
"06.09.2024","2,538","2,545","2,574","2,507","-1,21%"
"05.09.2024","2,569","2,576","2,606","2,555","-0,81%"
"04.09.2024","2,590","2,636","2,638","2,578","-2,63%"
"03.09.2024","2,660","2,693","2,719","2,641","-1,34%"
"02.09.2024","2,696","2,709","2,715","2,692","0,79%"
"30.08.2024","2,675","2,646","2,678","2,629","0,98%"
"29.08.2024","2,649","2,666","2,676","2,610","-0,41%"
"28.08.2024","2,660","2,668","2,670","2,634","-0,49%"
"27.08.2024","2,673","2,643","2,692","2,640","1,29%"
"26.08.2024","2,639","2,599","2,648","2,598","1,27%"
"23.08.2024","2,606","2,635","2,651","2,596","-1,14%"
"22.08.2024","2,636","2,596","2,643","2,577","1,54%"
"21.08.2024","2,596","2,645","2,647","2,596","-1,63%"
"20.08.2024","2,639","2,673","2,673","2,635","-1,53%"
"19.08.2024","2,680","2,664","2,691","2,645","-0,41%"
"16.08.2024","2,691","2,673","2,698","2,650","0,07%"
"15.08.2024","2,689","2,600","2,691","2,595","3,38%"
"14.08.2024","2,601","2,599","2,634","2,591","-0,15%"
"13.08.2024","2,605","2,655","2,658","2,594","-1,92%"
"12.08.2024","2,656","2,676","2,677","2,650","0,04%"
"09.08.2024","2,655","2,671","2,678","2,642","-1,08%"
"08.08.2024","2,684","2,658","2,700","2,638","-0,19%"
"07.08.2024","2,689","2,645","2,713","2,642","1,86%"
"06.08.2024","2,640","2,659","2,675","2,597","-0,30%"
"05.08.2024","2,648","2,568","2,652","2,546","1,32%"
"03.08.2024","2,614","2,614","2,614","2,614","-0,13%"
"02.08.2024","2,617","2,660","2,672","2,598","-2,53%"
"01.08.2024","2,685","2,703","2,724","2,673","-1,25%"
"31.07.2024","2,719","2,748","2,751","2,715","-1,70%"
"30.07.2024","2,766","2,780","2,798","2,756","-0,97%"
"29.07.2024","2,793","2,813","2,816","2,772","-1,27%"
"26.07.2024","2,829","2,870","2,887","2,817","-0,56%"
"25.07.2024","2,845","2,867","2,875","2,823","-0,91%"
"24.07.2024","2,871","2,871","2,882","2,851","-0,03%"
"23.07.2024","2,872","2,915","2,916","2,864","-1,34%"
"22.07.2024","2,911","2,866","2,911","2,865","1,22%"
"19.07.2024","2,876","2,840","2,883","2,829","1,34%"
"18.07.2024","2,838","2,851","2,870","2,815","-0,42%"
"17.07.2024","2,850","2,837","2,869","2,825","0,32%"
"16.07.2024","2,841","2,862","2,866","2,828","-1,25%"
"15.07.2024","2,877","2,911","2,920","2,873","-1,17%"
"12.07.2024","2,911","2,908","2,938","2,894","0,90%"
"11.07.2024","2,885","2,960","2,980","2,876","-2,60%"
"10.07.2024","2,962","2,977","2,978","2,943","-1,86%"
"09.07.2024","3,018","2,970","3,020","2,969","2,03%"
"08.07.2024","2,958","3,014","3,014","2,953","-1,33%"
"05.07.2024","2,998","3,025","3,034","2,987","-1,58%"
"04.07.2024","3,046","3,042","3,054","3,035","0,26%"
"03.07.2024","3,038","3,068","3,092","3,022","-1,52%"
"02.07.2024","3,085","3,084","3,113","3,060","-0,68%"
"01.07.2024","3,106","3,059","3,114","3,059","1,67%"
"28.06.2024","3,055","3,032","3,073","3,028","0,39%"
"27.06.2024","3,043","3,034","3,053","3,022","0,33%"
"26.06.2024","3,033","2,975","3,033","2,972","1,98%"
"25.06.2024","2,974","2,951","2,995","2,942","-0,13%"
"24.06.2024","2,978","2,967","2,983","2,946","0,17%"
"21.06.2024","2,973","2,964","2,981","2,920","-0,80%"
"20.06.2024","2,997","3,011","3,024","2,985","0,10%"
"19.06.2024","2,994","2,966","3,003","2,963","0,77%"
"18.06.2024","2,971","3,004","3,016","2,955","-1,39%"
"17.06.2024","3,013","2,979","3,035","2,956","1,35%"
"14.06.2024","2,973","3,006","3,016","2,946","-0,90%"
"13.06.2024","3,000","3,049","3,065","3,000","-0,73%"
"12.06.2024","3,022","3,103","3,119","3,018","-3,05%"
"11.06.2024","3,117","3,146","3,196","3,111","-1,45%"
"10.06.2024","3,163","3,116","3,167","3,111","2,00%"
"07.06.2024","3,101","3,034","3,120","3,023","2,75%"
"06.06.2024","3,018","2,981","3,038","2,977","1,89%"
"05.06.2024","2,962","3,010","3,022","2,958","-1,46%"
"04.06.2024","3,006","3,020","3,022","2,971","-0,63%"
"03.06.2024","3,025","3,104","3,111","3,003","-2,98%"
"31.05.2024","3,118","3,111","3,157","3,089","0,35%"
"30.05.2024","3,107","3,137","3,146","3,104","-1,24%"
"29.05.2024","3,146","3,105","3,147","3,069","2,24%"
"28.05.2024","3,077","3,038","3,079","3,028","1,32%"
"27.05.2024","3,037","3,088","3,097","3,023","-1,75%"
"24.05.2024","3,091","3,080","3,120","3,066","0,16%"
"23.05.2024","3,086","3,021","3,105","3,001","2,02%"
"22.05.2024","3,025","3,036","3,039","3,004","1,27%"
"21.05.2024","2,987","2,997","3,007","2,968","-0,53%"
"20.05.2024","3,003","3,006","3,010","2,976","0,30%"
"17.05.2024","2,994","2,944","2,995","2,942","1,94%"
"16.05.2024","2,937","2,897","2,940","2,889","1,00%"
"15.05.2024","2,908","3,014","3,017","2,906","-4,50%"
"14.05.2024","3,045","2,999","3,048","2,978","1,33%"
"13.05.2024","3,005","3,001","3,017","2,979","-0,10%"
"11.05.2024","3,008","3,008","3,008","3,008","-0,36%"
"10.05.2024","3,019","2,956","3,021","2,948","1,31%"
"09.05.2024","2,980","2,974","3,001","2,952","0,61%"
"08.05.2024","2,962","2,946","2,968","2,931","1,58%"
"07.05.2024","2,916","2,941","2,947","2,916","-1,22%"
"06.05.2024","2,952","2,937","2,959","2,909","-0,64%"
"03.05.2024","2,971","3,012","3,021","2,922","-1,88%"
"02.05.2024","3,028","3,026","3,061","3,007","-0,87%"
"01.05.2024","3,055","3,055","3,055","3,055","-0,24%"
"30.04.2024","3,062","3,000","3,067","2,990","2,13%"
"29.04.2024","2,998","3,020","3,027","2,978","-1,48%"
"26.04.2024","3,043","3,085","3,096","3,025","-2,12%"
"25.04.2024","3,109","3,055","3,128","3,036","1,63%"
"24.04.2024","3,059","2,983","3,068","2,973","3,45%"
"23.04.2024","2,957","2,936","2,988","2,932","0,24%"
"22.04.2024","2,950","3,012","3,028","2,949","-0,86%"
"20.04.2024","2,976","2,976","2,976","2,976","-1,01%"
"19.04.2024","3,006","2,971","3,024","2,955","0,13%"
"18.04.2024","3,002","2,953","3,002","2,948","0,60%"
"17.04.2024","2,984","3,003","3,010","2,960","-0,50%"
"16.04.2024","2,999","2,948","3,021","2,937","1,59%"
"15.04.2024","2,952","2,887","2,960","2,885","2,86%"
"12.04.2024","2,870","2,928","2,938","2,822","-3,24%"
"11.04.2024","2,966","2,955","2,987","2,914","0,92%"
"10.04.2024","2,939","2,875","2,956","2,834","2,51%"
"09.04.2024","2,867","2,922","2,931","2,862","-2,18%"
"08.04.2024","2,931","2,933","2,942","2,916","1,14%"
"05.04.2024","2,898","2,850","2,904","2,841","1,19%"
"04.04.2024","2,864","2,883","2,894","2,842","-1,75%"
"03.04.2024","2,915","2,887","2,950","2,878","0,66%"
"02.04.2024","2,896","2,889","2,924","2,851","2,28%"
"01.04.2024","2,832","2,832","2,832","2,832","0,14%"
"29.03.2024","2,828","2,825","2,828","2,825","-0,16%"
"28.03.2024","2,832","2,833","2,869","2,825","0,82%"
"27.03.2024","2,809","2,836","2,845","2,805","-1,58%"
"26.03.2024","2,854","2,869","2,874","2,834","-0,94%"
"25.03.2024","2,881","2,821","2,884","2,809","2,27%"
"22.03.2024","2,817","2,858","2,860","2,812","-1,81%"
"21.03.2024","2,869","2,901","2,909","2,849","-1,85%"
"20.03.2024","2,923","2,884","2,923","2,873","0,03%"
"19.03.2024","2,922","2,918","2,925","2,893","-0,10%"
"18.03.2024","2,925","2,916","2,943","2,909","0,19%"
"16.03.2024","2,920","2,920","2,920","2,920","-0,19%"
"15.03.2024","2,925","2,938","2,941","2,904","0,76%"
"14.03.2024","2,903","2,846","2,908","2,812","2,22%"
"13.03.2024","2,840","2,804","2,858","2,799","0,42%"
"12.03.2024","2,828","2,804","2,844","2,775","0,60%"
"11.03.2024","2,811","2,747","2,823","2,740","1,74%"
"08.03.2024","2,763","2,792","2,802","2,734","-1,71%"
"07.03.2024","2,811","2,856","2,884","2,764","-1,71%"
"06.03.2024","2,860","2,887","2,901","2,845","-0,59%"
"05.03.2024","2,877","2,929","2,945","2,849","-2,67%"
"04.03.2024","2,956","2,993","2,993","2,944","-1,20%"
"01.03.2024","2,992","2,996","3,034","2,957","1,08%"
"29.02.2024","2,960","2,993","3,079","2,957","-2,18%"
"28.02.2024","3,026","3,030","3,032","2,991","-0,30%"
"27.02.2024","3,035","3,006","3,035","2,987","0,80%"
"26.02.2024","3,011","2,956","3,016","2,949","2,38%"
"23.02.2024","2,941","3,028","3,063","2,937","-2,49%"
"22.02.2024","3,016","3,029","3,075","2,991","0,03%"
"21.02.2024","3,015","2,955","3,016","2,930","2,76%"
"20.02.2024","2,934","2,960","2,967","2,922","-1,44%"
"19.02.2024","2,977","2,961","2,980","2,938","0,57%"
"16.02.2024","2,960","2,944","2,986","2,933","1,27%"
"15.02.2024","2,923","2,885","2,923","2,866","0,17%"
"14.02.2024","2,918","2,965","2,965","2,913","-2,21%"
"13.02.2024","2,984","2,948","2,991","2,907","1,43%"
"12.02.2024","2,942","2,945","2,970","2,939","-1,44%"
"09.02.2024","2,985","2,967","2,987","2,918","1,95%"
"08.02.2024","2,928","2,885","2,936","2,866","1,53%"
"07.02.2024","2,884","2,842","2,884","2,831","0,98%"
"06.02.2024","2,856","2,854","2,886","2,836","-0,76%"
"05.02.2024","2,878","2,756","2,894","2,728","2,09%"
"02.02.2024","2,819","2,756","2,827","2,728","4,21%"
"01.02.2024","2,705","2,738","2,772","2,685","-0,07%"
"31.01.2024","2,707","2,747","2,786","2,697","-3,56%"
"30.01.2024","2,807","2,743","2,829","2,743","1,70%"
"29.01.2024","2,760","2,788","2,795","2,745","-2,54%"
"26.01.2024","2,832","2,783","2,844","2,772","0,14%"
"25.01.2024","2,828","2,907","2,934","2,817","-2,85%"
"24.01.2024","2,911","2,895","2,911","2,851","-0,07%"
"23.01.2024","2,913","2,876","2,917","2,867","1,75%"
"22.01.2024","2,863","2,864","2,873","2,839","-1,28%"
"19.01.2024","2,900","2,890","2,914","2,858","-0,17%"
"18.01.2024","2,905","2,886","2,906","2,862","0,35%"
"17.01.2024","2,895","2,861","2,907","2,819","3,50%"
"16.01.2024","2,797","2,791","2,803","2,749","0,14%"
"15.01.2024","2,793","2,772","2,811","2,754","2,23%"
"12.01.2024","2,732","2,770","2,789","2,718","-2,88%"
"11.01.2024","2,813","2,810","2,844","2,771","-0,81%"
"10.01.2024","2,836","2,789","2,836","2,761","1,00%"
"09.01.2024","2,808","2,802","2,818","2,777","2,00%"
"08.01.2024","2,753","2,809","2,846","2,741","-0,40%"
"05.01.2024","2,764","2,750","2,840","2,734","1,51%"
"04.01.2024","2,723","2,601","2,745","2,595","3,97%"
"03.01.2024","2,619","2,689","2,703","2,618","-1,58%"
"02.01.2024","2,661","2,670","2,697","2,639","2,13%"
"01.01.2024","2,605","2,605","2,605","2,605","-0,40%"
"29.12.2023","2,616","2,531","2,625","2,530","2,71%"
"28.12.2023","2,547","2,490","2,556","2,487","2,33%"
"27.12.2023","2,489","2,530","2,530","2,475","-0,58%"
"26.12.2023","2,503","2,503","2,503","2,503","0,00%"
"25.12.2023","2,503","2,503","2,503","2,503","-1,28%"
"22.12.2023","2,536","2,570","2,576","2,521","-0,70%"
"21.12.2023","2,554","2,580","2,586","2,532","0,35%"
"20.12.2023","2,545","2,559","2,572","2,527","-1,89%"
"19.12.2023","2,594","2,638","2,645","2,593","-2,96%"
"18.12.2023","2,673","2,635","2,676","2,602","1,63%"
"15.12.2023","2,630","2,726","2,726","2,612","-1,98%"
"14.12.2023","2,683","2,646","2,726","2,612","-4,52%"
"13.12.2023","2,810","2,862","2,867","2,799","-2,16%"
"12.12.2023","2,872","2,836","2,889","2,832","-0,83%"
"11.12.2023","2,896","2,875","2,899","2,861","0,28%"
"08.12.2023","2,888","2,804","2,889","2,799","3,92%"
"07.12.2023","2,779","2,819","2,819","2,759","-0,89%"
"06.12.2023","2,804","2,828","2,871","2,797","-1,27%"
"05.12.2023","2,840","2,849","2,889","2,826","-2,67%"
"04.12.2023","2,918","2,909","2,935","2,869","0,66%"
"01.12.2023","2,899","3,024","3,029","2,882","-4,48%"
"30.11.2023","3,035","2,977","3,071","2,965","1,20%"
"29.11.2023","2,999","3,025","3,049","2,988","-2,94%"
"28.11.2023","3,090","3,125","3,163","3,071","-2,00%"
"27.11.2023","3,153","3,232","3,247","3,149","-3,25%"
"24.11.2023","3,259","3,251","3,263","3,231","0,80%"
"23.11.2023","3,233","3,177","3,239","3,169","2,05%"
"22.11.2023","3,168","3,168","3,177","3,119","0,89%"
"21.11.2023","3,140","3,175","3,185","3,137","-1,81%"
"20.11.2023","3,198","3,176","3,211","3,167","1,27%"
"18.11.2023","3,158","3,158","3,158","3,158","-0,85%"
"17.11.2023","3,185","3,122","3,185","3,081","0,85%"
"16.11.2023","3,158","3,226","3,234","3,135","-2,89%"
"15.11.2023","3,252","3,223","3,258","3,193","0,87%"
"14.11.2023","3,224","3,336","3,359","3,223","-3,47%"
"13.11.2023","3,340","3,328","3,368","3,306","0,12%"
"10.11.2023","3,336","3,288","3,339","3,287","2,27%"
"09.11.2023","3,262","3,251","3,276","3,241","0,80%"
"08.11.2023","3,236","3,248","3,282","3,225","-0,71%"
"07.11.2023","3,259","3,312","3,316","3,251","-1,39%"
"06.11.2023","3,305","3,248","3,309","3,237","2,80%"
"03.11.2023","3,215","3,279","3,290","3,198","-1,65%"
"02.11.2023","3,269","3,283","3,287","3,207","-1,30%"
"01.11.2023","3,312","3,382","3,385","3,291","-1,31%"
"31.10.2023","3,356","3,348","3,357","3,309","-0,33%"
"30.10.2023","3,367","3,354","3,397","3,337","-1,41%"
"27.10.2023","3,415","3,432","3,450","3,399","-0,81%"
"26.10.2023","3,443","3,523","3,527","3,427","-1,52%"
"25.10.2023","3,496","3,447","3,503","3,447","1,07%"
"24.10.2023","3,459","3,438","3,462","3,409","-0,55%"
"23.10.2023","3,478","3,518","3,551","3,472","-0,54%"
"20.10.2023","3,497","3,520","3,542","3,487","-1,66%"
"19.10.2023","3,556","3,609","3,613","3,543","-0,59%"
"18.10.2023","3,577","3,575","3,587","3,532","0,62%"
"17.10.2023","3,555","3,483","3,565","3,475","2,57%"
"16.10.2023","3,466","3,470","3,481","3,446","1,08%"
"14.10.2023","3,429","3,429","3,429","3,429","-0,55%"
"13.10.2023","3,448","3,443","3,451","3,402","-0,23%"
"12.10.2023","3,456","3,369","3,463","3,369","2,04%"
"11.10.2023","3,387","3,422","3,422","3,348","0,12%"
"10.10.2023","3,383","3,426","3,459","3,382","-0,79%"
"09.10.2023","3,410","3,466","3,502","3,402","-2,71%"
"06.10.2023","3,505","3,522","3,561","3,498","-0,23%"
"05.10.2023","3,513","3,534","3,564","3,498","-0,90%"
"04.10.2023","3,545","3,607","3,607","3,541","-0,67%"
"03.10.2023","3,569","3,522","3,569","3,508","0,79%"
"02.10.2023","3,541","3,517","3,542","3,496","0,51%"
"29.09.2023","3,523","3,556","3,563","3,482","-2,54%"
"28.09.2023","3,615","3,538","3,649","3,538","2,61%"
"27.09.2023","3,523","3,474","3,523","3,447","1,15%"
"26.09.2023","3,483","3,490","3,493","3,442","0,61%"
"25.09.2023","3,462","3,461","3,498","3,453","0,38%"
"22.09.2023","3,449","3,450","3,471","3,403","-0,43%"
"21.09.2023","3,464","3,469","3,504","3,454","1,20%"
"20.09.2023","3,423","3,453","3,466","3,418","-1,16%"
"19.09.2023","3,463","3,443","3,476","3,422","0,35%"
"18.09.2023","3,451","3,411","3,451","3,405","1,77%"
"15.09.2023","3,391","3,325","3,400","3,325","2,14%"
"14.09.2023","3,320","3,382","3,396","3,302","-2,18%"
"13.09.2023","3,394","3,376","3,417","3,370","1,31%"
"12.09.2023","3,350","3,335","3,351","3,313","0,66%"
"11.09.2023","3,328","3,327","3,338","3,304","1,29%"
"09.09.2023","3,286","3,286","3,286","3,286","-0,71%"
"08.09.2023","3,309","3,270","3,309","3,270","-0,03%"
"07.09.2023","3,310","3,351","3,351","3,302","-1,28%"
"06.09.2023","3,353","3,309","3,363","3,284","1,73%"
"05.09.2023","3,296","3,290","3,297","3,263","0,70%"
"04.09.2023","3,273","3,246","3,283","3,246","0,99%"
"01.09.2023","3,241","3,171","3,241","3,141","2,53%"
"31.08.2023","3,161","3,256","3,256","3,154","-2,71%"
"30.08.2023","3,249","3,288","3,302","3,236","1,09%"
"29.08.2023","3,214","3,234","3,279","3,209","-1,62%"
"28.08.2023","3,267","3,267","3,307","3,250","0,31%"
"25.08.2023","3,257","3,217","3,275","3,201","1,75%"
"24.08.2023","3,201","3,149","3,223","3,133","0,09%"
"23.08.2023","3,198","3,320","3,324","3,197","-3,88%"
"22.08.2023","3,327","3,329","3,432","3,313","-1,89%"
"21.08.2023","3,391","3,329","3,395","3,313","2,35%"
"18.08.2023","3,313","3,303","3,331","3,279","-2,33%"
"17.08.2023","3,392","3,373","3,392","3,356","1,37%"
"16.08.2023","3,346","3,348","3,368","3,326","-0,71%"
"15.08.2023","3,370","3,350","3,431","3,350","1,51%"
"14.08.2023","3,320","3,304","3,324","3,260","0,64%"
"11.08.2023","3,299","3,258","3,300","3,229","2,39%"
"10.08.2023","3,222","3,215","3,227","3,186","0,81%"
"09.08.2023","3,196","3,168","3,212","3,153","0,79%"
"08.08.2023","3,171","3,214","3,214","3,142","-2,97%"
"07.08.2023","3,268","3,245","3,311","3,227","0,03%"
"04.08.2023","3,267","3,328","3,338","3,252","-0,24%"
"03.08.2023","3,275","3,276","3,296","3,244","0,43%"
"02.08.2023","3,261","3,248","3,272","3,210","-0,28%"
"01.08.2023","3,270","3,211","3,279","3,207","1,46%"
"31.07.2023","3,223","3,261","3,267","3,213","-0,19%"
"28.07.2023","3,229","3,268","3,273","3,172","0,56%"
"27.07.2023","3,211","3,221","3,262","3,163","-1,32%"
"26.07.2023","3,254","3,193","3,263","3,181","2,39%"
"25.07.2023","3,178","3,215","3,222","3,178","0,22%"
"24.07.2023","3,171","3,234","3,242","3,156","-1,09%"
"22.07.2023","3,206","3,206","3,206","3,206","-0,40%"
"21.07.2023","3,219","3,243","3,265","3,210","-0,77%"
"20.07.2023","3,244","3,188","3,252","3,181","1,50%"
"19.07.2023","3,196","3,095","3,203","3,074","1,49%"
"18.07.2023","3,149","3,255","3,267","3,132","-4,11%"
"17.07.2023","3,284","3,286","3,315","3,253","-0,67%"
"14.07.2023","3,306","3,287","3,309","3,259","1,22%"
"13.07.2023","3,266","3,315","3,318","3,231","-2,77%"
"12.07.2023","3,359","3,455","3,459","3,359","-3,67%"
"11.07.2023","3,487","3,430","3,488","3,423","0,66%"
"10.07.2023","3,464","3,455","3,488","3,434","0,23%"
"07.07.2023","3,456","3,451","3,492","3,425","-0,75%"
"06.07.2023","3,482","3,354","3,489","3,337","4,94%"
"05.07.2023","3,318","3,340","3,349","3,274","-0,39%"
"04.07.2023","3,331","3,336","3,360","3,318","-0,15%"
"03.07.2023","3,336","3,255","3,337","3,232","2,39%"
"30.06.2023","3,258","3,286","3,307","3,254","-0,55%"
"29.06.2023","3,276","3,192","3,292","3,171","3,90%"
"28.06.2023","3,153","3,190","3,204","3,141","-1,22%"
"27.06.2023","3,192","3,142","3,232","3,118","2,54%"
"26.06.2023","3,113","3,165","3,168","3,093","-1,39%"
"23.06.2023","3,157","3,253","3,256","3,117","-3,66%"
"22.06.2023","3,277","3,187","3,289","3,184","2,66%"
"21.06.2023","3,192","3,189","3,207","3,153","1,27%"
"20.06.2023","3,152","3,199","3,214","3,144","-2,32%"
"19.06.2023","3,227","3,136","3,235","3,136","1,45%"
"16.06.2023","3,181","3,260","3,271","3,164","-1,58%"
"15.06.2023","3,232","3,195","3,282","3,181","3,16%"
"14.06.2023","3,133","3,125","3,152","3,096","1,00%"
"13.06.2023","3,102","3,054","3,105","3,008","1,84%"
"12.06.2023","3,046","3,063","3,079","2,994","-0,78%"
"09.06.2023","3,070","3,100","3,112","3,049","-0,81%"
"08.06.2023","3,095","3,163","3,165","3,088","-1,28%"
"07.06.2023","3,135","3,033","3,142","3,030","3,26%"
"06.06.2023","3,036","3,059","3,065","2,977","-0,46%"
"05.06.2023","3,050","3,027","3,057","3,010","2,18%"
"02.06.2023","2,985","2,935","2,993","2,918","1,53%"
"01.06.2023","2,940","2,998","3,025","2,922","-1,18%"
"31.05.2023","2,975","2,963","2,998","2,941","-2,46%"
"30.05.2023","3,050","3,147","3,147","3,044","-3,33%"
"29.05.2023","3,155","3,232","3,236","3,139","-2,68%"
"26.05.2023","3,242","3,224","3,257","3,183","0,62%"
"25.05.2023","3,222","3,180","3,223","3,136","2,32%"
"24.05.2023","3,149","3,170","3,175","3,107","0,22%"
"23.05.2023","3,142","3,160","3,173","3,132","0,03%"
"22.05.2023","3,141","3,114","3,150","3,083","1,19%"
"19.05.2023","3,104","3,153","3,186","3,099","-1,08%"
"18.05.2023","3,138","3,070","3,139","3,070","3,22%"
"17.05.2023","3,040","3,007","3,042","2,971","0,63%"
"16.05.2023","3,021","2,924","3,022","2,910","1,92%"
"15.05.2023","2,964","2,967","2,976","2,932","0,88%"
"12.05.2023","2,938","2,918","2,940","2,892","1,98%"
"11.05.2023","2,881","2,905","2,961","2,845","-2,14%"
"10.05.2023","2,944","3,017","3,024","2,928","-2,13%"
"09.05.2023","3,008","2,978","3,012","2,959","1,04%"
"08.05.2023","2,977","2,950","3,006","2,945","1,02%"
"05.05.2023","2,947","2,912","2,961","2,897","3,04%"
"04.05.2023","2,860","2,944","2,993","2,850","-3,15%"
"03.05.2023","2,953","2,961","2,970","2,933","-0,71%"
"02.05.2023","2,974","3,075","3,090","2,961","0,12%"
"01.05.2023","2,970","2,973","2,974","2,970","-0,75%"
"28.04.2023","2,993","3,158","3,158","2,993","-4,53%"
"27.04.2023","3,135","3,105","3,140","3,070","2,08%"
"26.04.2023","3,071","3,056","3,095","3,012","-0,52%"
"25.04.2023","3,087","3,214","3,215","3,066","-4,37%"
"24.04.2023","3,228","3,183","3,229","3,157","0,62%"
"21.04.2023","3,208","3,139","3,216","3,139","1,62%"
"20.04.2023","3,157","3,172","3,219","3,155","-1,87%"
"19.04.2023","3,217","3,211","3,220","3,186","1,77%"
"18.04.2023","3,161","3,176","3,199","3,113","-0,19%"
"17.04.2023","3,167","3,151","3,193","3,135","0,76%"
"14.04.2023","3,143","3,092","3,145","3,060","2,18%"
"13.04.2023","3,076","3,034","3,103","3,029","0,03%"
"12.04.2023","3,075","2,997","3,102","2,941","2,50%"
"11.04.2023","3,000","2,947","3,013","2,915","5,80%"
"10.04.2023","2,836","2,836","2,836","2,836","-0,11%"
"07.04.2023","2,839","2,840","2,840","2,839","-0,68%"
"06.04.2023","2,858","2,863","2,873","2,788","0,67%"
"05.04.2023","2,839","2,951","2,973","2,830","-2,57%"
"04.04.2023","2,914","2,944","3,010","2,912","-0,17%"
"03.04.2023","2,919","2,985","3,023","2,912","-1,02%"
"31.03.2023","2,949","3,074","3,104","2,949","-3,72%"
"30.03.2023","3,063","2,913","3,076","2,867","3,10%"
"29.03.2023","2,971","2,985","2,992","2,925","0,30%"
"28.03.2023","2,962","2,959","2,991","2,928","2,21%"
"27.03.2023","2,898","2,879","2,938","2,839","3,46%"
"26.03.2023","2,801","2,801","2,801","2,801","-0,99%"
"24.03.2023","2,829","2,836","2,836","2,704","-1,87%"
"23.03.2023","2,883","2,963","2,990","2,865","-4,95%"
"22.03.2023","3,033","3,033","3,099","2,999","2,22%"
"21.03.2023","2,967","2,848","2,973","2,834","6,08%"
"20.03.2023","2,797","2,670","2,814","2,629","-1,27%"
"17.03.2023","2,833","2,966","3,003","2,813","-4,36%"
"16.03.2023","2,962","3,020","3,032","2,809","4,15%"
"15.03.2023","2,844","3,241","3,261","2,837","-10,87%"
"14.03.2023","3,191","2,908","3,220","2,895","4,79%"
"13.03.2023","3,045","3,221","3,221","2,894","-7,50%"
"10.03.2023","3,292","3,286","3,323","3,200","-3,32%"
"09.03.2023","3,405","3,497","3,504","3,399","-1,13%"
"08.03.2023","3,444","3,496","3,506","3,417","-0,89%"
"07.03.2023","3,475","3,505","3,515","3,407","-1,39%"
"06.03.2023","3,524","3,406","3,524","3,379","2,09%"
"03.03.2023","3,452","3,481","3,484","3,425","-0,75%"
"02.03.2023","3,478","3,505","3,505","3,418","0,49%"
"01.03.2023","3,461","3,449","3,466","3,398","2,40%"
"28.02.2023","3,380","3,393","3,450","3,360","2,21%"
"27.02.2023","3,307","3,260","3,322","3,250","0,46%"
"24.02.2023","3,292","3,174","3,315","3,159","3,23%"
"23.02.2023","3,189","3,242","3,262","3,180","-1,45%"
"22.02.2023","3,236","3,256","3,290","3,218","-0,64%"
"21.02.2023","3,257","3,178","3,273","3,175","2,91%"
"20.02.2023","3,165","3,135","3,166","3,129","1,59%"
"18.02.2023","3,115","3,115","3,115","3,115","-1,28%"
"17.02.2023","3,156","3,232","3,243","3,133","-0,16%"
"16.02.2023","3,161","3,119","3,195","3,115","0,48%"
"15.02.2023","3,146","3,092","3,156","3,072","1,19%"
"14.02.2023","3,109","2,998","3,109","2,988","2,88%"
"13.02.2023","3,022","3,027","3,044","2,984","-0,40%"
"10.02.2023","3,034","2,979","3,036","2,963","3,06%"
"09.02.2023","2,944","2,932","2,945","2,886","-1,24%"
"08.02.2023","2,981","2,960","3,012","2,952","1,39%"
"07.02.2023","2,940","2,899","2,940","2,887","0,89%"
"06.02.2023","2,914","2,836","2,914","2,832","4,74%"
"03.02.2023","2,782","2,721","2,807","2,709","3,57%"
"02.02.2023","2,686","2,916","2,937","2,664","-9,68%"
"01.02.2023","2,974","2,936","2,978","2,915","0,85%"
"31.01.2023","2,949","2,931","2,983","2,915","-1,17%"
"30.01.2023","2,984","2,848","2,991","2,848","2,65%"
"27.01.2023","2,907","2,870","2,941","2,869","1,50%"
"26.01.2023","2,864","2,769","2,867","2,760","2,65%"
"25.01.2023","2,790","2,776","2,800","2,717","0,54%"
"24.01.2023","2,775","2,829","2,842","2,759","-2,49%"
"23.01.2023","2,846","2,815","2,847","2,769","2,01%"
"20.01.2023","2,790","2,711","2,793","2,705","4,46%"
"19.01.2023","2,671","2,667","2,715","2,628","2,45%"
"18.01.2023","2,607","2,660","2,695","2,562","-1,96%"
"17.01.2023","2,659","2,815","2,820","2,644","-4,93%"
"16.01.2023","2,797","2,802","2,854","2,778","-0,67%"
"13.01.2023","2,816","2,776","2,817","2,732","0,68%"
"12.01.2023","2,797","2,801","2,819","2,703","-1,65%"
"11.01.2023","2,844","2,887","2,891","2,835","-3,03%"
"10.01.2023","2,933","2,910","2,943","2,901","1,88%"
"09.01.2023","2,879","2,899","2,946","2,850","0,45%"
"06.01.2023","2,866","2,920","2,981","2,846","-3,63%"
"05.01.2023","2,974","2,911","2,975","2,890","3,01%"
"04.01.2023","2,887","2,908","2,937","2,874","-4,72%"
"03.01.2023","3,030","3,087","3,102","2,984","-1,50%"
"02.01.2023","3,076","3,144","3,147","3,046","-3,60%"
"30.12.2022","3,191","3,076","3,191","3,076","3,44%"
"29.12.2022","3,085","3,088","3,123","3,067","-1,06%"
"28.12.2022","3,118","3,111","3,127","3,049","-0,70%"
"27.12.2022","3,140","3,062","3,143","3,062","4,65%"
"26.12.2022","3,000","3,004","3,004","2,994","-1,88%"
"23.12.2022","3,058","2,999","3,063","2,993","1,83%"
"22.12.2022","3,003","2,963","3,021","2,935","1,56%"
"21.12.2022","2,957","2,964","2,973","2,915","-0,67%"
"20.12.2022","2,977","2,952","2,980","2,918","3,66%"
"19.12.2022","2,872","2,874","2,895","2,844","0,95%"
"16.12.2022","2,845","2,888","2,945","2,844","3,38%"
"15.12.2022","2,752","2,559","2,791","2,500","9,90%"
"14.12.2022","2,504","2,477","2,562","2,477","0,36%"
"13.12.2022","2,495","2,559","2,581","2,424","-2,50%"
"12.12.2022","2,559","2,511","2,560","2,488","1,87%"
"09.12.2022","2,512","2,336","2,534","2,320","5,06%"
"08.12.2022","2,391","2,336","2,405","2,320","2,14%"
"07.12.2022","2,341","2,331","2,394","2,322","-1,93%"
"06.12.2022","2,387","2,461","2,467","2,368","-2,29%"
"05.12.2022","2,443","2,450","2,466","2,397","1,12%"
"02.12.2022","2,416","2,386","2,444","2,312","1,51%"
"01.12.2022","2,380","2,434","2,458","2,364","-5,59%"
"30.11.2022","2,521","2,539","2,551","2,503","1,57%"
"29.11.2022","2,482","2,494","2,514","2,427","-3,27%"
"28.11.2022","2,566","2,510","2,614","2,500","0,79%"
"25.11.2022","2,546","2,461","2,556","2,440","5,91%"
"24.11.2022","2,404","2,428","2,438","2,361","-2,87%"
"23.11.2022","2,475","2,539","2,567","2,465","-1,08%"
"22.11.2022","2,502","2,519","2,548","2,493","-0,12%"
"21.11.2022","2,505","2,529","2,559","2,472","0,00%"
"19.11.2022","2,505","2,505","2,505","2,505","-0,75%"
"18.11.2022","2,524","2,549","2,621","2,503","-0,90%"
"17.11.2022","2,547","2,491","2,569","2,475","0,95%"
"16.11.2022","2,523","2,610","2,617","2,516","-3,89%"
"15.11.2022","2,625","2,647","2,692","2,582","-1,50%"
"14.11.2022","2,665","2,685","2,697","2,626","-0,45%"
"11.11.2022","2,677","2,565","2,691","2,555","7,08%"
"10.11.2022","2,500","2,697","2,731","2,472","-6,89%"
"09.11.2022","2,685","2,754","2,775","2,683","-4,04%"
"08.11.2022","2,798","2,849","2,867","2,766","-0,78%"
"07.11.2022","2,820","2,835","2,842","2,747","1,44%"
"04.11.2022","2,780","2,739","2,809","2,700","1,35%"
"03.11.2022","2,743","2,768","2,783","2,711","3,94%"
"02.11.2022","2,639","2,609","2,654","2,598","1,31%"
"01.11.2022","2,605","2,625","2,625","2,514","-1,21%"
"31.10.2022","2,637","2,594","2,648","2,583","2,17%"
"28.10.2022","2,581","2,477","2,630","2,455","7,23%"
"27.10.2022","2,407","2,669","2,712","2,406","-8,69%"
"26.10.2022","2,636","2,659","2,726","2,626","-0,30%"
"25.10.2022","2,644","2,718","2,747","2,638","-5,57%"
"24.10.2022","2,800","2,798","2,899","2,766","-3,15%"
"21.10.2022","2,891","2,987","3,030","2,877","-0,79%"
"20.10.2022","2,914","2,986","2,998","2,895","-0,34%"
"19.10.2022","2,924","2,851","2,924","2,845","4,32%"
"18.10.2022","2,803","2,806","2,856","2,764","0,47%"
"17.10.2022","2,790","2,769","2,802","2,718","-0,29%"
"16.10.2022","2,798","2,798","2,798","2,798","-0,50%"
"14.10.2022","2,812","2,648","2,827","2,639","2,37%"
"13.10.2022","2,747","2,767","2,871","2,682","-1,61%"
"12.10.2022","2,792","2,767","2,844","2,736","1,79%"
"11.10.2022","2,743","2,828","2,839","2,742","-1,93%"
"10.10.2022","2,797","2,775","2,830","2,684","2,04%"
"07.10.2022","2,741","2,709","2,772","2,658","4,30%"
"06.10.2022","2,628","2,558","2,650","2,536","3,46%"
"05.10.2022","2,540","2,427","2,555","2,421","5,88%"
"04.10.2022","2,399","2,359","2,412","2,293","-0,87%"
"03.10.2022","2,420","2,685","2,703","2,416","-8,44%"
"30.09.2022","2,643","2,677","2,695","2,620","-4,24%"
"29.09.2022","2,760","2,787","2,861","2,759","0,91%"
"28.09.2022","2,735","2,911","2,936","2,714","-4,64%"
"27.09.2022","2,868","2,816","2,885","2,696","3,95%"
"26.09.2022","2,759","2,772","2,793","2,706","3,14%"
"23.09.2022","2,675","2,560","2,742","2,493","4,78%"
"22.09.2022","2,553","2,549","2,572","2,436","3,86%"
"21.09.2022","2,458","2,448","2,475","2,398","-0,97%"
"20.09.2022","2,482","2,377","2,506","2,361","6,02%"
"19.09.2022","2,341","2,287","2,365","2,284","2,23%"
"17.09.2022","2,290","2,290","2,290","2,290","-0,09%"
"16.09.2022","2,292","2,333","2,349","2,291","0,39%"
"15.09.2022","2,283","2,260","2,295","2,236","3,63%"
"14.09.2022","2,203","2,182","2,274","2,176","0,55%"
"13.09.2022","2,191","2,134","2,194","2,079","3,79%"
"12.09.2022","2,111","2,201","2,218","2,090","-2,45%"
"09.09.2022","2,164","2,206","2,242","2,093","1,26%"
"08.09.2022","2,137","1,967","2,147","1,966","6,53%"
"07.09.2022","2,006","2,062","2,062","1,960","-2,24%"
"06.09.2022","2,052","2,025","2,058","1,909","1,74%"
"05.09.2022","2,017","1,965","2,055","1,965","2,18%"
"02.09.2022","1,974","2,019","2,074","1,927","-3,00%"
"01.09.2022","2,035","2,079","2,116","2,028","0,64%"
"31.08.2022","2,022","1,949","2,066","1,934","2,64%"
"30.08.2022","1,970","1,965","2,013","1,901","-0,30%"
"29.08.2022","1,976","1,902","2,041","1,902","7,51%"
"26.08.2022","1,838","1,838","1,838","1,838","5,33%"
"25.08.2022","1,745","1,841","1,847","1,736","-4,54%"
"24.08.2022","1,828","1,828","1,857","1,771","3,04%"
"23.08.2022","1,774","1,740","1,855","1,724","-0,17%"
"22.08.2022","1,777","1,661","1,777","1,631","5,84%"
"19.08.2022","1,679","1,627","1,702","1,618","8,18%"
"18.08.2022","1,552","1,587","1,587","1,512","4,16%"
"17.08.2022","1,490","1,364","1,544","1,361","11,95%"
"16.08.2022","1,331","1,256","1,352","1,255","6,14%"
"15.08.2022","1,254","1,324","1,354","1,236","-6,21%"
"12.08.2022","1,337","1,297","1,340","1,276","2,37%"
"11.08.2022","1,306","1,290","1,325","1,192","6,70%"
"10.08.2022","1,224","1,272","1,291","1,191","-3,32%"
"09.08.2022","1,266","1,232","1,306","1,205","3,52%"
"08.08.2022","1,223","1,194","1,251","0,761","0,49%"
"05.08.2022","1,217","1,194","1,246","1,098","9,05%"
"04.08.2022","1,116","1,194","1,225","1,107","-6,14%"
"03.08.2022","1,189","1,134","1,230","1,134","7,31%"
"02.08.2022","1,108","0,992","1,124","0,946","7,99%"
"01.08.2022","1,026","1,092","1,124","1,016","-2,19%"
"31.07.2022","1,049","1,049","1,049","1,049","-1,59%"
"29.07.2022","1,066","1,139","1,213","1,061","-5,08%"
"28.07.2022","1,123","1,392","1,394","1,092","-16,26%"
"27.07.2022","1,341","1,345","1,383","1,295","1,44%"
"26.07.2022","1,322","1,423","1,424","1,299","-8,00%"
"25.07.2022","1,437","1,487","1,502","1,430","-1,78%"
"22.07.2022","1,463","1,701","1,714","1,423","-16,02%"
"21.07.2022","1,742","1,766","1,879","1,716","2,59%"
"20.07.2022","1,698","1,570","1,715","1,219","0,65%"
"19.07.2022","1,687","1,570","1,715","1,567","5,37%"
"18.07.2022","1,601","1,588","1,641","1,584","4,85%"
"15.07.2022","1,527","1,515","1,569","1,496","-1,80%"
"14.07.2022","1,555","1,529","1,659","1,528","4,08%"
"13.07.2022","1,494","1,466","1,551","1,436","5,29%"
"12.07.2022","1,419","1,554","1,554","1,401","-6,89%"
"11.07.2022","1,524","1,598","1,598","1,507","-5,34%"
"08.07.2022","1,610","1,592","1,633","1,555","-1,53%"
"07.07.2022","1,635","1,537","1,637","1,537","10,10%"
"06.07.2022","1,485","1,555","1,561","1,394","-2,88%"
"05.07.2022","1,529","1,630","1,661","1,518","-7,84%"
"04.07.2022","1,659","1,587","1,680","1,567","9,65%"
"01.07.2022","1,513","1,704","1,771","1,447","-12,49%"
"30.06.2022","1,729","1,827","1,827","1,693","-7,29%"
"29.06.2022","1,865","1,949","2,014","1,859","-7,40%"
"28.06.2022","2,014","1,976","2,047","1,969","3,02%"
"27.06.2022","1,955","1,892","1,980","1,882","5,50%"
"24.06.2022","1,853","1,811","1,911","1,779","1,26%"
"23.06.2022","1,830","2,065","2,066","1,797","-10,25%"
"22.06.2022","2,039","2,150","2,154","2,026","-7,23%"
"21.06.2022","2,198","2,196","2,219","2,145","0,18%"
"20.06.2022","2,194","2,111","2,194","2,089","4,43%"
"17.06.2022","2,101","2,236","2,290","2,088","-7,36%"
"16.06.2022","2,268","2,275","2,425","2,262","0,84%"
"15.06.2022","2,249","2,524","2,626","2,187","-10,22%"
"14.06.2022","2,505","2,524","2,524","2,505","4,86%"
"13.06.2022","2,389","2,230","2,395","2,194","10,30%"
"10.06.2022","2,166","2,015","2,167","2,002","10,91%"
"09.06.2022","1,953","1,800","1,971","1,749","9,05%"
"08.06.2022","1,791","1,753","1,799","1,738","3,35%"
"07.06.2022","1,733","1,765","1,765","1,699","-1,08%"
"06.06.2022","1,752","1,695","1,752","1,692","1,57%"
"03.06.2022","1,725","1,672","1,725","1,649","3,67%"
"02.06.2022","1,664","1,579","1,666","1,579","6,46%"
"01.06.2022","1,563","1,498","1,564","1,489","5,25%"
"31.05.2022","1,485","1,412","1,510","1,376","6,53%"
"30.05.2022","1,394","1,364","1,417","1,362","6,90%"
"27.05.2022","1,304","1,297","1,325","1,275","-1,66%"
"26.05.2022","1,326","1,283","1,334","1,240","0,30%"
"25.05.2022","1,322","1,351","1,352","1,293","-2,22%"
"24.05.2022","1,352","1,411","1,430","1,339","-3,98%"
"23.05.2022","1,408","1,373","1,417","1,336","3,76%"
"20.05.2022","1,357","1,384","1,394","1,337","-0,07%"
"19.05.2022","1,358","1,384","1,386","1,309","-1,74%"
"18.05.2022","1,382","1,384","1,420","1,357","1,32%"
"17.05.2022","1,364","1,294","1,372","1,255","9,65%"
"16.05.2022","1,244","1,206","1,291","1,204","2,13%"
"13.05.2022","1,218","1,153","1,236","1,146","8,27%"
"12.05.2022","1,125","1,209","1,209","1,121","-11,35%"
"11.05.2022","1,269","1,343","1,388","1,260","-5,79%"
"10.05.2022","1,347","1,456","1,457","1,317","-7,10%"
"09.05.2022","1,450","1,524","1,556","1,447","-6,63%"
"06.05.2022","1,553","1,445","1,563","1,426","6,74%"
"05.05.2022","1,455","1,382","1,458","1,282","3,56%"
"04.05.2022","1,405","1,412","1,436","1,378","3,08%"
"03.05.2022","1,363","1,370","1,408","1,301","1,04%"
"02.05.2022","1,349","1,328","1,361","1,302","2,12%"
"29.04.2022","1,321","1,218","1,337","1,207","6,36%"
"28.04.2022","1,242","1,120","1,244","1,075","10,40%"
"27.04.2022","1,125","1,202","1,209","1,105","-2,68%"
"26.04.2022","1,156","1,221","1,235","1,135","-2,69%"
"25.04.2022","1,188","1,245","1,283","1,180","-9,73%"
"22.04.2022","1,316","1,234","1,316","1,232","4,61%"
"21.04.2022","1,258","1,206","1,259","1,179","9,87%"
"20.04.2022","1,145","1,198","1,198","1,112","-3,29%"
"19.04.2022","1,184","1,152","1,203","1,148","4,13%"
"15.04.2022","1,137","1,084","1,137","1,084","-0,61%"
"14.04.2022","1,144","1,115","1,151","1,069","3,72%"
"13.04.2022","1,103","1,153","1,160","1,081","-1,34%"
"12.04.2022","1,118","1,170","1,196","1,094","-4,36%"
"11.04.2022","1,169","1,147","1,174","1,121","4,66%"
"08.04.2022","1,117","1,036","1,132","1,025","6,28%"
"07.04.2022","1,051","0,990","1,082","0,961","3,24%"
"06.04.2022","1,018","0,978","1,051","0,976","4,73%"
"05.04.2022","0,972","0,881","0,977","0,881","12,37%"
"04.04.2022","0,865","0,905","0,905","0,840","-2,92%"
"01.04.2022","0,891","0,933","0,935","0,840","3,97%"
"31.03.2022","0,857","0,933","0,935","0,840","-7,85%"
"30.03.2022","0,930","0,889","0,979","0,889","5,32%"
"29.03.2022","0,883","0,815","0,943","0,815","12,48%"
"28.03.2022","0,785","0,786","0,828","0,761","4,95%"
"25.03.2022","0,748","0,706","0,760","0,678","4,18%"
"24.03.2022","0,718","0,670","0,738","0,651","7,32%"
"23.03.2022","0,669","0,690","0,700","0,653","-1,91%"
"22.03.2022","0,682","0,617","0,733","0,603","3,02%"
"21.03.2022","0,662","0,617","0,668","0,603","13,94%"
"18.03.2022","0,581","0,608","0,618","0,558","-4,91%"
"17.03.2022","0,611","0,632","0,650","0,604","-1,13%"
"16.03.2022","0,618","0,614","0,632","0,589","6,37%"
"15.03.2022","0,581","0,623","0,631","0,575","-9,22%"
"14.03.2022","0,640","0,589","0,642","0,589","15,32%"
"11.03.2022","0,555","0,546","0,601","0,536","-1,77%"
"10.03.2022","0,565","0,403","0,573","0,363","37,14%"
"09.03.2022","0,412","0,343","0,413","0,318","17,71%"
"08.03.2022","0,350","0,293","0,355","0,293","15,13%"
"07.03.2022","0,304","0,253","0,327","0,253","12,18%"
"04.03.2022","0,271","0,300","0,305","0,246","-17,88%"
"03.03.2022","0,330","0,291","0,382","0,291","-2,37%"
"02.03.2022","0,338","0,178","0,340","0,178","101,19%"
"01.03.2022","0,168","0,464","0,464","0,165","-65,36%"
"28.02.2022","0,485","0,554","0,577","0,485","-18,76%"
"25.02.2022","0,597","0,604","0,604","0,543","6,42%"
"24.02.2022","0,561","0,587","0,618","0,553","-13,16%"
"23.02.2022","0,646","0,654","0,667","0,629","1,10%"
"22.02.2022","0,639","0,554","0,654","0,553","6,68%"
"21.02.2022","0,599","0,598","0,603","0,562","5,64%"
"18.02.2022","0,567","0,586","0,587","0,550","-1,39%"
"17.02.2022","0,575","0,636","0,642","0,573","-11,13%"
"16.02.2022","0,647","0,682","0,685","0,626","-2,12%"
"15.02.2022","0,661","0,640","0,687","0,637","-1,93%"
"14.02.2022","0,674","0,605","0,678","0,584","-3,02%"
"11.02.2022","0,695","0,646","0,697","0,615","6,76%"
"10.02.2022","0,651","0,573","0,662","0,537","14,41%"
"09.02.2022","0,569","0,562","0,601","0,536","-5,32%"
"08.02.2022","0,601","0,594","0,621","0,524","3,26%"
"07.02.2022","0,582","0,541","0,665","0,541","7,18%"
"04.02.2022","0,543","0,536","0,554","0,463","25,69%"
"03.02.2022","0,432","0,257","0,433","0,252","66,15%"
"02.02.2022","0,260","0,218","0,268","0,197","16,59%"
"01.02.2022","0,223","0,201","0,231","0,176","11,50%"
"31.01.2022","0,200","0,145","0,209","0,131","57,48%"
"28.01.2022","0,127","0,117","0,148","0,102","20,95%"
"27.01.2022","0,105","0,124","0,145","0,090","25,00%"
"26.01.2022","0,084","0,071","0,085","0,060","23,53%"
"25.01.2022","0,068","0,052","0,070","0,050","30,77%"
"24.01.2022","0,052","0,073","0,074","0,043","-28,77%"
"21.01.2022","0,073","0,082","0,091","0,059","-24,74%"
"20.01.2022","0,097","0,119","0,119","0,082","-13,39%"
"19.01.2022","0,112","0,132","0,138","0,107","4,67%"
"18.01.2022","0,107","0,103","0,115","0,085","8,08%"
"17.01.2022","0,099","0,095","0,100","0,081","32,00%"
"14.01.2022","0,075","0,028","0,078","0,028","141,94%"
"13.01.2022","0,031","0,070","0,076","0,020","-40,38%"
"12.01.2022","0,052","0,072","0,077","0,028","-31,58%"
"11.01.2022","0,076","0,052","0,083","0,039","94,87%"
"10.01.2022","0,039","0,048","0,056","0,033","77,27%"
"07.01.2022","0,022","0,026","0,042","0,016","22,22%"
"06.01.2022","0,018","0,005","0,040","0,005","-460,00%"
"05.01.2022","-0,005","-0,010","0,004","-0,015","0,00%"
"04.01.2022","-0,005","-0,004","0,007","-0,027","-112,50%"
"03.01.2022","0,040","0,013","0,040","-0,021","81,82%"
"31.12.2021","0,022","0,016","0,022","0,016","633,33%"
"30.12.2021","0,003","-0,016","0,003","-0,031","-125,00%"
"29.12.2021","-0,012","-0,040","-0,009","-0,050","-64,71%"
"28.12.2021","-0,034","-0,040","-0,024","-0,043","-33,33%"
"27.12.2021","-0,051","-0,056","-0,040","-0,064","13,33%"
"24.12.2021","-0,045","-0,053","-0,045","-0,053","-23,73%"
"23.12.2021","-0,059","-0,088","-0,046","-0,091","-39,80%"
"22.12.2021","-0,098","-0,109","-0,086","-0,111","-4,85%"
"21.12.2021","-0,103","-0,171","-0,101","-0,174","-40,12%"
"20.12.2021","-0,172","-0,183","-0,166","-0,197","-0,58%"
"17.12.2021","-0,173","-0,150","-0,146","-0,179","17,69%"
"16.12.2021","-0,147","-0,158","-0,107","-0,180","-6,96%"
"15.12.2021","-0,158","-0,152","-0,143","-0,166","0,00%"
"14.12.2021","-0,158","-0,169","-0,151","-0,178","-10,23%"
"13.12.2021","-0,176","-0,133","-0,129","-0,179","29,41%"
"10.12.2021","-0,136","-0,129","-0,127","-0,157","-5,56%"
"09.12.2021","-0,144","-0,117","-0,116","-0,154","37,14%"
"08.12.2021","-0,105","-0,167","-0,097","-0,176","-35,19%"
"07.12.2021","-0,162","-0,152","-0,152","-0,184","-6,90%"
"06.12.2021","-0,174","-0,171","-0,158","-0,187","-45,28%"
"03.12.2021","-0,318","-0,294","-0,278","-0,319","10,03%"
"02.12.2021","-0,289","-0,292","-0,236","-0,317","12,45%"
"01.12.2021","-0,257","-0,292","-0,240","-0,293","-12,29%"
"30.11.2021","-0,293","-0,309","-0,292","-0,328","-2,01%"
"29.11.2021","-0,299","-0,305","-0,278","-0,311","-5,38%"
"27.11.2021","-0,316","-0,316","-0,316","-0,316","2,60%"
"26.11.2021","-0,308","-0,303","-0,288","-0,319","23,20%"
"25.11.2021","-0,250","-0,236","-0,235","-0,251","11,11%"
"24.11.2021","-0,225","-0,246","-0,214","-0,246","1,35%"
"23.11.2021","-0,222","-0,291","-0,222","-0,294","-25,50%"
"22.11.2021","-0,298","-0,328","-0,297","-0,345","-11,83%"
"20.11.2021","-0,338","-0,338","-0,338","-0,338","0,00%"
"19.11.2021","-0,338","-0,271","-0,271","-0,339","20,28%"
"18.11.2021","-0,281","-0,267","-0,256","-0,283","15,16%"
"17.11.2021","-0,244","-0,245","-0,217","-0,259","-1,21%"
"16.11.2021","-0,247","-0,213","-0,213","-0,252","15,96%"
"15.11.2021","-0,213","-0,262","-0,212","-0,266","-11,98%"
"12.11.2021","-0,242","-0,214","-0,198","-0,244","13,62%"
"11.11.2021","-0,213","-0,221","-0,205","-0,240","-8,97%"
"10.11.2021","-0,234","-0,283","-0,232","-0,300","-20,95%"
"09.11.2021","-0,296","-0,280","-0,280","-0,302","6,09%"
"08.11.2021","-0,279","-0,294","-0,275","-0,306","-5,74%"
"05.11.2021","-0,296","-0,266","-0,261","-0,306","9,63%"
"04.11.2021","-0,270","-0,201","-0,201","-0,281","44,39%"
"03.11.2021","-0,187","-0,168","-0,168","-0,210","10,00%"
"02.11.2021","-0,170","-0,110","-0,109","-0,184","107,32%"
"01.11.2021","-0,082","-0,105","-0,054","-0,118","-26,13%"
"30.10.2021","-0,111","-0,111","-0,111","-0,111","15,63%"
"29.10.2021","-0,096","-0,137","-0,079","-0,140","-46,37%"
"28.10.2021","-0,179","-0,200","-0,122","-0,208","-17,89%"
"27.10.2021","-0,218","-0,199","-0,184","-0,232","11,22%"
"26.10.2021","-0,196","-0,205","-0,195","-0,229","-6,67%"
"25.10.2021","-0,210","-0,186","-0,178","-0,214","15,07%"
"23.10.2021","-0,183","-0,183","-0,183","-0,183","1,39%"
"22.10.2021","-0,180","-0,182","-0,168","-0,191","-7,69%"
"21.10.2021","-0,195","-0,220","-0,189","-0,229","-14,85%"
"20.10.2021","-0,229","-0,186","-0,185","-0,231","19,27%"
"19.10.2021","-0,192","-0,244","-0,178","-0,245","-13,51%"
"18.10.2021","-0,222","-0,256","-0,211","-0,258","-21,83%"
"15.10.2021","-0,284","-0,282","-0,271","-0,291","-5,02%"
"14.10.2021","-0,299","-0,251","-0,248","-0,301","15,00%"
"13.10.2021","-0,260","-0,254","-0,248","-0,269","0,39%"
"12.10.2021","-0,259","-0,269","-0,259","-0,282","-2,63%"
"11.10.2021","-0,266","-0,276","-0,264","-0,294","-9,22%"
"08.10.2021","-0,293","-0,306","-0,282","-0,308","-5,79%"
"07.10.2021","-0,311","-0,303","-0,302","-0,319","3,67%"
"06.10.2021","-0,300","-0,292","-0,279","-0,304","-3,85%"
"05.10.2021","-0,312","-0,327","-0,309","-0,341","-3,41%"
"04.10.2021","-0,323","-0,331","-0,315","-0,333","-0,31%"
"01.10.2021","-0,324","-0,294","-0,283","-0,327","12,11%"
"30.09.2021","-0,289","-0,284","-0,275","-0,302","-0,34%"
"29.09.2021","-0,290","-0,294","-0,289","-0,306","1,40%"
"28.09.2021","-0,286","-0,293","-0,275","-0,300","-7,74%"
"27.09.2021","-0,310","-0,319","-0,293","-0,322","-3,43%"
"25.09.2021","-0,321","-0,322","-0,321","-0,322","2,23%"
"24.09.2021","-0,314","-0,325","-0,310","-0,329","-6,82%"
"23.09.2021","-0,337","-0,362","-0,336","-0,373","-11,55%"
"22.09.2021","-0,381","-0,368","-0,366","-0,382","1,06%"
"21.09.2021","-0,377","-0,367","-0,360","-0,388","3,57%"
"20.09.2021","-0,364","-0,354","-0,352","-0,373","3,12%"
"17.09.2021","-0,353","-0,348","-0,336","-0,354","-1,12%"
"16.09.2021","-0,357","-0,348","-0,346","-0,362","1,13%"
"15.09.2021","-0,353","-0,364","-0,348","-0,372","-3,81%"
"14.09.2021","-0,367","-0,354","-0,339","-0,369","3,09%"
"13.09.2021","-0,356","-0,350","-0,343","-0,361","0,28%"
"12.09.2021","-0,355","-0,355","-0,355","-0,355","0,00%"
"11.09.2021","-0,355","-0,366","-0,355","-0,366","1,72%"
"10.09.2021","-0,349","-0,375","-0,349","-0,375","-7,43%"
"09.09.2021","-0,377","-0,341","-0,340","-0,382","10,56%"
"08.09.2021","-0,341","-0,338","-0,337","-0,350","1,79%"
"07.09.2021","-0,335","-0,357","-0,332","-0,358","-8,47%"
"06.09.2021","-0,366","-0,359","-0,343","-0,370","1,95%"
"03.09.2021","-0,359","-0,372","-0,354","-0,375","-3,23%"
"02.09.2021","-0,371","-0,359","-0,359","-0,376","4,51%"
"01.09.2021","-0,355","-0,354","-0,343","-0,360","0,28%"
"31.08.2021","-0,354","-0,383","-0,352","-0,389","-8,05%"
"30.08.2021","-0,385","-0,368","-0,363","-0,386","4,62%"
"27.08.2021","-0,368","-0,364","-0,356","-0,371","2,51%"
"26.08.2021","-0,359","-0,367","-0,355","-0,368","-0,55%"
"25.08.2021","-0,361","-0,408","-0,360","-0,411","-10,42%"
"24.08.2021","-0,403","-0,410","-0,402","-0,421","-3,13%"
"23.08.2021","-0,416","-0,430","-0,405","-0,431","-2,58%"
"20.08.2021","-0,427","-0,428","-0,415","-0,433","1,43%"
"19.08.2021","-0,421","-0,432","-0,420","-0,434","-1,64%"
"18.08.2021","-0,428","-0,418","-0,418","-0,431","3,88%"
"17.08.2021","-0,412","-0,424","-0,409","-0,433","-0,48%"
"16.08.2021","-0,414","-0,417","-0,409","-0,425","0,49%"
"13.08.2021","-0,412","-0,416","-0,403","-0,420","-0,96%"
"12.08.2021","-0,416","-0,409","-0,405","-0,417","2,72%"
"11.08.2021","-0,405","-0,414","-0,399","-0,414","-1,70%"
"10.08.2021","-0,412","-0,416","-0,407","-0,424","0,98%"
"09.08.2021","-0,408","-0,411","-0,406","-0,421","0,74%"
"06.08.2021","-0,405","-0,426","-0,405","-0,431","-6,03%"
"05.08.2021","-0,431","-0,413","-0,413","-0,438","3,86%"
"04.08.2021","-0,415","-0,413","-0,406","-0,427","0,73%"
"03.08.2021","-0,412","-0,404","-0,395","-0,415","0,98%"
"02.08.2021","-0,408","-0,380","-0,380","-0,408","5,70%"
"30.07.2021","-0,386","-0,390","-0,384","-0,393","-1,53%"
"29.07.2021","-0,392","-0,388","-0,376","-0,395","2,08%"
"28.07.2021","-0,384","-0,384","-0,378","-0,389","1,86%"
"27.07.2021","-0,377","-0,375","-0,373","-0,384","2,72%"
"26.07.2021","-0,367","-0,379","-0,367","-0,389","-1,61%"
"23.07.2021","-0,373","-0,361","-0,357","-0,375","3,32%"
"22.07.2021","-0,361","-0,332","-0,327","-0,368","11,42%"
"21.07.2021","-0,324","-0,342","-0,323","-0,344","-2,70%"
"20.07.2021","-0,333","-0,334","-0,331","-0,352","3,42%"
"19.07.2021","-0,322","-0,330","-0,320","-0,336","0,63%"
"16.07.2021","-0,320","-0,308","-0,307","-0,329","5,96%"
"15.07.2021","-0,302","-0,311","-0,298","-0,317","-0,98%"
"14.07.2021","-0,305","-0,291","-0,288","-0,308","2,01%"
"13.07.2021","-0,299","-0,289","-0,287","-0,304","4,18%"
"12.07.2021","-0,287","-0,280","-0,279","-0,298","4,36%"
"09.07.2021","-0,275","-0,273","-0,273","-0,284","-2,48%"
"08.07.2021","-0,282","-0,303","-0,277","-0,307","-0,35%"
"07.07.2021","-0,283","-0,278","-0,278","-0,298","1,07%"
"06.07.2021","-0,280","-0,243","-0,242","-0,285","12,90%"
"05.07.2021","-0,248","-0,261","-0,245","-0,262","-9,98%"
"04.07.2021","-0,275","-0,275","-0,275","-0,275","3,18%"
"02.07.2021","-0,267","-0,251","-0,251","-0,274","5,95%"
"01.07.2021","-0,252","-0,229","-0,224","-0,255","6,78%"
"30.06.2021","-0,236","-0,205","-0,201","-0,238","14,56%"
"29.06.2021","-0,206","-0,210","-0,200","-0,220","-2,83%"
"28.06.2021","-0,212","-0,194","-0,193","-0,214","8,44%"
"26.06.2021","-0,196","-0,196","-0,196","-0,196","2,36%"
"25.06.2021","-0,191","-0,223","-0,191","-0,224","-13,96%"
"24.06.2021","-0,222","-0,212","-0,204","-0,226","2,30%"
"23.06.2021","-0,217","-0,201","-0,201","-0,234","4,33%"
"22.06.2021","-0,208","-0,211","-0,200","-0,228","-3,26%"
"21.06.2021","-0,215","-0,236","-0,207","-0,238","-7,33%"
"20.06.2021","-0,232","-0,232","-0,232","-0,232","0,00%"
"19.06.2021","-0,232","-0,232","-0,232","-0,232","2,65%"
"18.06.2021","-0,226","-0,257","-0,220","-0,258","-11,02%"
"17.06.2021","-0,254","-0,261","-0,243","-0,268","-10,88%"
"16.06.2021","-0,285","-0,280","-0,277","-0,287","2,52%"
"15.06.2021","-0,278","-0,285","-0,275","-0,291","-1,77%"
"14.06.2021","-0,283","-0,303","-0,280","-0,307","-5,67%"
"11.06.2021","-0,300","-0,303","-0,294","-0,314","4,90%"
"10.06.2021","-0,286","-0,283","-0,256","-0,287","2,88%"
"09.06.2021","-0,278","-0,260","-0,258","-0,294","8,17%"
"08.06.2021","-0,257","-0,235","-0,229","-0,258","12,72%"
"07.06.2021","-0,228","-0,238","-0,212","-0,240","-5,39%"
"04.06.2021","-0,241","-0,229","-0,226","-0,243","6,64%"
"03.06.2021","-0,226","-0,230","-0,224","-0,233","-3,42%"
"02.06.2021","-0,234","-0,222","-0,221","-0,235","8,33%"
"01.06.2021","-0,216","-0,211","-0,206","-0,227","1,41%"
"31.05.2021","-0,213","-0,202","-0,188","-0,214","-0,93%"
"28.05.2021","-0,215","-0,196","-0,196","-0,215","3,37%"
"27.05.2021","-0,208","-0,238","-0,206","-0,239","-11,86%"
"26.05.2021","-0,236","-0,218","-0,218","-0,246","14,01%"
"25.05.2021","-0,207","-0,177","-0,174","-0,213","21,05%"
"24.05.2021","-0,171","-0,160","-0,147","-0,171","11,04%"
"21.05.2021","-0,154","-0,140","-0,140","-0,170","14,93%"
"20.05.2021","-0,134","-0,103","-0,099","-0,134","13,56%"
"19.05.2021","-0,118","-0,112","-0,090","-0,128","-4,84%"
"18.05.2021","-0,124","-0,114","-0,102","-0,132","9,73%"
"17.05.2021","-0,113","-0,138","-0,102","-0,138","-8,87%"
"14.05.2021","-0,124","-0,134","-0,118","-0,134","-3,88%"
"13.05.2021","-0,129","-0,155","-0,123","-0,155","-15,13%"
"12.05.2021","-0,152","-0,181","-0,151","-0,190","-15,08%"
"11.05.2021","-0,179","-0,203","-0,176","-0,203","-16,36%"
"10.05.2021","-0,214","-0,189","-0,188","-0,215","3,88%"
"07.05.2021","-0,206","-0,218","-0,191","-0,219","-5,94%"
"06.05.2021","-0,219","-0,225","-0,209","-0,225","0,00%"
"05.05.2021","-0,219","-0,225","-0,213","-0,228","-6,01%"
"04.05.2021","-0,233","-0,214","-0,202","-0,233","6,88%"
"03.05.2021","-0,218","-0,200","-0,171","-0,218","11,79%"
"30.04.2021","-0,195","-0,193","-0,188","-0,203","2,63%"
"29.04.2021","-0,190","-0,214","-0,182","-0,219","-10,80%"
"28.04.2021","-0,213","-0,213","-0,197","-0,214","-4,91%"
"27.04.2021","-0,224","-0,230","-0,219","-0,234","-2,61%"
"26.04.2021","-0,230","-0,216","-0,212","-0,234","0,88%"
"23.04.2021","-0,228","-0,232","-0,221","-0,239","-1,30%"
"22.04.2021","-0,231","-0,240","-0,216","-0,241","-0,43%"
"21.04.2021","-0,232","-0,228","-0,222","-0,240","2,65%"
"20.04.2021","-0,226","-0,209","-0,207","-0,226","2,73%"
"19.04.2021","-0,220","-0,236","-0,206","-0,243","-6,38%"
"16.04.2021","-0,235","-0,240","-0,229","-0,245","-5,24%"
"15.04.2021","-0,248","-0,214","-0,214","-0,248","12,73%"
"14.04.2021","-0,220","-0,246","-0,219","-0,248","-7,56%"
"13.04.2021","-0,238","-0,225","-0,222","-0,238","1,71%"
"12.04.2021","-0,234","-0,236","-0,233","-0,254","0,43%"
"09.04.2021","-0,233","-0,259","-0,225","-0,259","-12,08%"
"08.04.2021","-0,265","-0,266","-0,263","-0,271","0,00%"
"07.04.2021","-0,265","-0,273","-0,263","-0,280","1,92%"
"06.04.2021","-0,260","-0,277","-0,256","-0,282","-12,46%"
"05.04.2021","-0,297","-0,297","-0,297","-0,297","0,00%"
"02.04.2021","-0,297","-0,297","-0,297","-0,297","3,13%"
"01.04.2021","-0,288","-0,265","-0,251","-0,291","7,87%"
"31.03.2021","-0,267","-0,263","-0,257","-0,270","1,52%"
"30.03.2021","-0,263","-0,277","-0,254","-0,279","-9,93%"
"29.03.2021","-0,292","-0,317","-0,287","-0,319","-7,30%"
"26.03.2021","-0,315","-0,311","-0,301","-0,315","-2,48%"
"25.03.2021","-0,323","-0,315","-0,315","-0,325","3,86%"
"24.03.2021","-0,311","-0,311","-0,303","-0,317","2,64%"
"23.03.2021","-0,303","-0,282","-0,266","-0,304","10,99%"
"22.03.2021","-0,273","-0,284","-0,267","-0,285","1,11%"
"19.03.2021","-0,270","-0,256","-0,255","-0,273","12,50%"
"18.03.2021","-0,240","-0,226","-0,220","-0,241","2,56%"
"17.03.2021","-0,234","-0,264","-0,231","-0,269","-12,36%"
"16.03.2021","-0,267","-0,269","-0,266","-0,279","-1,48%"
"15.03.2021","-0,271","-0,245","-0,243","-0,274","8,84%"
"12.03.2021","-0,249","-0,269","-0,246","-0,279","-10,43%"
"11.03.2021","-0,278","-0,255","-0,237","-0,289","16,32%"
"10.03.2021","-0,239","-0,228","-0,209","-0,242","5,29%"
"09.03.2021","-0,227","-0,215","-0,212","-0,243","10,73%"
"08.03.2021","-0,205","-0,200","-0,200","-0,215","0,99%"
"05.03.2021","-0,203","-0,198","-0,190","-0,214","-6,02%"
"04.03.2021","-0,216","-0,215","-0,186","-0,227","3,35%"
"03.03.2021","-0,209","-0,247","-0,202","-0,249","-5,86%"
"02.03.2021","-0,222","-0,221","-0,214","-0,244","-6,72%"
"01.03.2021","-0,238","-0,174","-0,174","-0,241","41,67%"
"26.02.2021","-0,168","-0,148","-0,142","-0,182","25,37%"
"25.02.2021","-0,134","-0,191","-0,122","-0,191","-32,66%"
"24.02.2021","-0,199","-0,226","-0,187","-0,234","-9,13%"
"23.02.2021","-0,219","-0,232","-0,199","-0,235","-34,23%"
"22.02.2021","-0,333","-0,295","-0,292","-0,342","8,82%"
"19.02.2021","-0,306","-0,301","-0,296","-0,312","-0,33%"
"18.02.2021","-0,307","-0,346","-0,304","-0,346","-10,76%"
"17.02.2021","-0,344","-0,325","-0,323","-0,348","1,78%"
"16.02.2021","-0,338","-0,367","-0,336","-0,367","-6,11%"
"15.02.2021","-0,360","-0,377","-0,351","-0,385","-7,46%"
"12.02.2021","-0,389","-0,414","-0,386","-0,423","-6,04%"
"11.02.2021","-0,414","-0,405","-0,402","-0,417","5,61%"
"10.02.2021","-0,392","-0,403","-0,391","-0,406","-3,69%"
"09.02.2021","-0,407","-0,400","-0,393","-0,409","1,50%"
"08.02.2021","-0,401","-0,401","-0,379","-0,401","0,00%"
"05.02.2021","-0,401","-0,410","-0,385","-0,411","-0,74%"
"04.02.2021","-0,404","-0,403","-0,389","-0,407","-0,49%"
"03.02.2021","-0,406","-0,421","-0,404","-0,429","-2,17%"
"02.02.2021","-0,415","-0,427","-0,412","-0,428","-4,38%"
"01.02.2021","-0,434","-0,445","-0,428","-0,449","-0,69%"
"29.01.2021","-0,437","-0,454","-0,433","-0,457","-3,32%"
"28.01.2021","-0,452","-0,448","-0,442","-0,455","2,26%"
"27.01.2021","-0,442","-0,427","-0,427","-0,453","2,55%"
"26.01.2021","-0,431","-0,435","-0,425","-0,439","0,23%"
"25.01.2021","-0,430","-0,399","-0,398","-0,432","9,69%"
"22.01.2021","-0,392","-0,390","-0,376","-0,402","-0,25%"
"21.01.2021","-0,393","-0,426","-0,389","-0,429","-5,76%"
"20.01.2021","-0,417","-0,426","-0,407","-0,429","-1,42%"
"19.01.2021","-0,423","-0,414","-0,411","-0,424","1,44%"
"18.01.2021","-0,417","-0,428","-0,402","-0,430","-3,02%"
"15.01.2021","-0,430","-0,435","-0,424","-0,437","0,70%"
"14.01.2021","-0,427","-0,433","-0,412","-0,436","-1,61%"
"13.01.2021","-0,434","-0,421","-0,419","-0,439","7,43%"
"12.01.2021","-0,404","-0,431","-0,402","-0,432","-7,97%"
"11.01.2021","-0,439","-0,467","-0,439","-0,467","-4,36%"
"08.01.2021","-0,459","-0,455","-0,452","-0,471","2,68%"
"07.01.2021","-0,447","-0,441","-0,440","-0,456","0,68%"
"06.01.2021","-0,444","-0,438","-0,435","-0,453","-3,48%"
"05.01.2021","-0,460","-0,473","-0,460","-0,475","-3,16%"
"04.01.2021","-0,475","-0,468","-0,468","-0,488","-1,35%"
"01.01.2021","-0,481","-0,480","-0,480","-0,483","2,45%"
"31.12.2020","-0,470","-0,466","-0,452","-0,475","0,43%"
"30.12.2020","-0,468","-0,501","-0,459","-0,501","-6,59%"
"29.12.2020","-0,501","-0,502","-0,493","-0,506","1,21%"
"28.12.2020","-0,495","-0,472","-0,464","-0,495","3,23%"
"25.12.2020","-0,479","-0,479","-0,479","-0,480","4,01%"
"24.12.2020","-0,461","-0,461","-0,429","-0,477","2,67%"
"23.12.2020","-0,449","-0,497","-0,448","-0,501","-8,37%"
"22.12.2020","-0,490","-0,488","-0,474","-0,496","1,24%"
"21.12.2020","-0,484","-0,510","-0,483","-0,510","-0,82%"
"18.12.2020","-0,488","-0,497","-0,480","-0,504","-2,79%"
"17.12.2020","-0,502","-0,492","-0,491","-0,511","2,24%"
"16.12.2020","-0,491","-0,523","-0,486","-0,523","-4,29%"
"15.12.2020","-0,513","-0,513","-0,509","-0,523","0,98%"
"14.12.2020","-0,508","-0,504","-0,501","-0,513","1,20%"
"11.12.2020","-0,502","-0,498","-0,479","-0,510","2,45%"
"10.12.2020","-0,490","-0,501","-0,475","-0,510","-1,01%"
"09.12.2020","-0,495","-0,478","-0,470","-0,498","3,77%"
"08.12.2020","-0,477","-0,464","-0,456","-0,482","3,02%"
"07.12.2020","-0,463","-0,457","-0,457","-0,473","4,51%"
"04.12.2020","-0,443","-0,453","-0,442","-0,465","-1,77%"
"03.12.2020","-0,451","-0,435","-0,433","-0,456","5,13%"
"02.12.2020","-0,429","-0,422","-0,418","-0,435","0,94%"
"01.12.2020","-0,425","-0,454","-0,424","-0,457","-4,92%"
"30.11.2020","-0,447","-0,463","-0,447","-0,472","-4,08%"
"27.11.2020","-0,466","-0,468","-0,461","-0,479","-0,21%"
"26.11.2020","-0,467","-0,457","-0,451","-0,471","1,08%"
"25.11.2020","-0,462","-0,453","-0,448","-0,471","1,54%"
"24.11.2020","-0,455","-0,453","-0,444","-0,462","1,34%"
"23.11.2020","-0,449","-0,459","-0,446","-0,463","-2,60%"
"21.11.2020","-0,461","-0,461","-0,461","-0,461","1,54%"
"20.11.2020","-0,454","-0,456","-0,446","-0,460","0,22%"
"19.11.2020","-0,453","-0,447","-0,440","-0,456","1,80%"
"18.11.2020","-0,445","-0,455","-0,429","-0,457","-0,45%"
"17.11.2020","-0,447","-0,428","-0,425","-0,457","3,95%"
"16.11.2020","-0,430","-0,431","-0,412","-0,438","3,12%"
"13.11.2020","-0,417","-0,416","-0,405","-0,428","2,71%"
"12.11.2020","-0,406","-0,400","-0,389","-0,410","4,37%"
"11.11.2020","-0,389","-0,366","-0,363","-0,402","4,01%"
"10.11.2020","-0,374","-0,371","-0,361","-0,386","2,47%"
"09.11.2020","-0,365","-0,441","-0,353","-0,449","-14,72%"
"06.11.2020","-0,428","-0,435","-0,421","-0,442","-1,61%"
"05.11.2020","-0,435","-0,442","-0,430","-0,449","-0,46%"
"04.11.2020","-0,437","-0,437","-0,432","-0,453","3,55%"
"03.11.2020","-0,422","-0,407","-0,399","-0,427","3,18%"
"02.11.2020","-0,409","-0,403","-0,389","-0,415","2,76%"
"30.10.2020","-0,398","-0,392","-0,383","-0,408","-0,25%"
"29.10.2020","-0,399","-0,359","-0,345","-0,408","10,83%"
"28.10.2020","-0,360","-0,372","-0,354","-0,379","-4,51%"
"27.10.2020","-0,377","-0,358","-0,356","-0,380","5,60%"
"26.10.2020","-0,357","-0,387","-0,352","-0,394","2,88%"
"23.10.2020","-0,347","-0,343","-0,334","-0,350","4,83%"
"22.10.2020","-0,331","-0,351","-0,329","-0,353","-4,06%"
"21.10.2020","-0,345","-0,350","-0,308","-0,362","-2,54%"
"20.10.2020","-0,354","-0,368","-0,340","-0,368","-1,94%"
"19.10.2020","-0,361","-0,392","-0,358","-0,393","-8,61%"
"16.10.2020","-0,395","-0,375","-0,369","-0,401","6,18%"
"15.10.2020","-0,372","-0,381","-0,351","-0,386","-1,33%"
"14.10.2020","-0,377","-0,367","-0,367","-0,382","4,14%"
"13.10.2020","-0,362","-0,364","-0,346","-0,366","0,56%"
"12.10.2020","-0,360","-0,349","-0,341","-0,365","6,19%"
"09.10.2020","-0,339","-0,338","-0,333","-0,361","2,42%"
"08.10.2020","-0,331","-0,306","-0,306","-0,338","7,47%"
"07.10.2020","-0,308","-0,323","-0,300","-0,324","-0,65%"
"06.10.2020","-0,310","-0,288","-0,278","-0,319","7,27%"
"05.10.2020","-0,289","-0,323","-0,278","-0,331","-10,39%"
"03.10.2020","-0,322","-0,322","-0,322","-0,322","1,42%"
"02.10.2020","-0,318","-0,311","-0,302","-0,320","5,65%"
"01.10.2020","-0,301","-0,284","-0,280","-0,302","3,79%"
"30.09.2020","-0,290","-0,312","-0,288","-0,318","-7,94%"
"29.09.2020","-0,315","-0,299","-0,298","-0,319","6,78%"
"28.09.2020","-0,295","-0,288","-0,284","-0,298","1,37%"
"25.09.2020","-0,291","-0,290","-0,281","-0,302","-0,34%"
"24.09.2020","-0,292","-0,322","-0,291","-0,328","-6,71%"
"23.09.2020","-0,313","-0,332","-0,313","-0,354","-3,40%"
"22.09.2020","-0,324","-0,319","-0,314","-0,335","2,21%"
"21.09.2020","-0,317","-0,287","-0,280","-0,328","5,84%"
"19.09.2020","-0,299","-0,299","-0,299","-0,299","1,87%"
"18.09.2020","-0,294","-0,300","-0,291","-0,318","-3,29%"
"17.09.2020","-0,304","-0,291","-0,267","-0,311","3,40%"
"16.09.2020","-0,294","-0,284","-0,284","-0,310","3,89%"
"15.09.2020","-0,283","-0,285","-0,263","-0,290","0,35%"
"14.09.2020","-0,282","-0,267","-0,267","-0,295","10,16%"
"11.09.2020","-0,256","-0,259","-0,248","-0,265","11,30%"
"10.09.2020","-0,230","-0,244","-0,228","-0,264","-6,12%"
"09.09.2020","-0,245","-0,265","-0,243","-0,273","-2,78%"
"08.09.2020","-0,252","-0,247","-0,236","-0,261","2,02%"
"07.09.2020","-0,247","-0,242","-0,235","-0,250","-3,14%"
"04.09.2020","-0,255","-0,286","-0,251","-0,290","-8,27%"
"03.09.2020","-0,278","-0,260","-0,241","-0,292","5,30%"
"02.09.2020","-0,264","-0,226","-0,226","-0,264","24,53%"
"01.09.2020","-0,212","-0,201","-0,189","-0,221","9,28%"
"31.08.2020","-0,194","-0,223","-0,191","-0,223","-4,90%"
"28.08.2020","-0,204","-0,204","-0,200","-0,232","-2,39%"
"27.08.2020","-0,209","-0,238","-0,203","-0,249","-3,24%"
"26.08.2020","-0,216","-0,188","-0,186","-0,220","11,92%"
"25.08.2020","-0,193","-0,214","-0,189","-0,215","-12,67%"
"24.08.2020","-0,221","-0,244","-0,221","-0,250","-13,84%"
"23.08.2020","-0,257","-0,257","-0,257","-0,257","0,00%"
"22.08.2020","-0,257","-0,257","-0,257","-0,257","3,85%"
"21.08.2020","-0,247","-0,249","-0,244","-0,264","-2,76%"
"20.08.2020","-0,254","-0,265","-0,246","-0,270","0,79%"
"19.08.2020","-0,252","-0,259","-0,243","-0,276","2,02%"
"18.08.2020","-0,247","-0,247","-0,242","-0,259","2,07%"
"17.08.2020","-0,242","-0,214","-0,214","-0,245","18,63%"
"14.08.2020","-0,204","-0,185","-0,170","-0,211","20,00%"
"13.08.2020","-0,170","-0,234","-0,170","-0,243","-19,81%"
"12.08.2020","-0,212","-0,236","-0,210","-0,243","-10,55%"
"11.08.2020","-0,237","-0,267","-0,231","-0,275","-2,87%"
"10.08.2020","-0,244","-0,247","-0,237","-0,268","7,96%"
"07.08.2020","-0,226","-0,238","-0,226","-0,254","-0,44%"
"06.08.2020","-0,227","-0,237","-0,227","-0,262","5,09%"
"05.08.2020","-0,216","-0,253","-0,206","-0,257","-4,85%"
"04.08.2020","-0,227","-0,213","-0,206","-0,254","26,11%"
"03.08.2020","-0,180","-0,207","-0,174","-0,211","-9,55%"
"31.07.2020","-0,199","-0,234","-0,199","-0,245","-11,16%"
"30.07.2020","-0,224","-0,204","-0,203","-0,237","17,89%"
"29.07.2020","-0,190","-0,188","-0,185","-0,205","3,83%"
"28.07.2020","-0,183","-0,196","-0,175","-0,201","-7,11%"
"27.07.2020","-0,197","-0,203","-0,185","-0,211","11,30%"
"24.07.2020","-0,177","-0,228","-0,176","-0,233","-19,55%"
"23.07.2020","-0,220","-0,233","-0,213","-0,246","-3,08%"
"22.07.2020","-0,227","-0,221","-0,212","-0,242","-18,35%"
"21.07.2020","-0,278","-0,302","-0,277","-0,332","5,70%"
"20.07.2020","-0,263","-0,247","-0,246","-0,299","15,35%"
"17.07.2020","-0,228","-0,252","-0,218","-0,259","-8,43%"
"16.07.2020","-0,249","-0,250","-0,231","-0,264","1,63%"
"15.07.2020","-0,245","-0,250","-0,243","-0,266","-2,00%"
"14.07.2020","-0,250","-0,236","-0,220","-0,257","12,11%"
"13.07.2020","-0,223","-0,231","-0,215","-0,237","-0,45%"
"10.07.2020","-0,224","-0,267","-0,224","-0,267","-11,81%"
"09.07.2020","-0,254","-0,264","-0,241","-0,275","-0,39%"
"08.07.2020","-0,255","-0,250","-0,242","-0,270","11,35%"
"07.07.2020","-0,229","-0,257","-0,229","-0,259","-5,76%"
"06.07.2020","-0,243","-0,211","-0,206","-0,249","25,91%"
"03.07.2020","-0,193","-0,211","-0,192","-0,225","-3,50%"
"02.07.2020","-0,200","-0,183","-0,183","-0,221","11,73%"
"01.07.2020","-0,179","-0,188","-0,164","-0,196","-12,68%"
"30.06.2020","-0,205","-0,207","-0,193","-0,225","8,47%"
"29.06.2020","-0,189","-0,202","-0,189","-0,216","-18,00%"
"27.06.2020","-0,230","-0,231","-0,230","-0,231","8,73%"
"26.06.2020","-0,212","-0,207","-0,199","-0,235","13,37%"
"25.06.2020","-0,187","-0,207","-0,174","-0,225","-3,61%"
"24.06.2020","-0,194","-0,163","-0,155","-0,208","19,75%"
"23.06.2020","-0,162","-0,173","-0,152","-0,188","-10,50%"
"22.06.2020","-0,181","-0,161","-0,160","-0,194","2,84%"
"20.06.2020","-0,176","-0,176","-0,176","-0,176","10,69%"
"19.06.2020","-0,159","-0,139","-0,135","-0,168","13,57%"
"18.06.2020","-0,140","-0,102","-0,096","-0,152","23,89%"
"17.06.2020","-0,113","-0,116","-0,091","-0,126","-1,74%"
"16.06.2020","-0,115","-0,111","-0,109","-0,137","13,86%"
"15.06.2020","-0,101","-0,113","-0,100","-0,119","12,22%"
"12.06.2020","-0,090","-0,093","-0,074","-0,113","-1,10%"
"11.06.2020","-0,091","-0,069","-0,060","-0,098","89,58%"
"10.06.2020","-0,048","-0,104","-0,029","-0,104","-52,94%"
"09.06.2020","-0,102","-0,160","-0,099","-0,161","-37,04%"
"08.06.2020","-0,162","-0,152","-0,133","-0,173","13,29%"
"05.06.2020","-0,143","-0,129","-0,127","-0,154","13,49%"
"04.06.2020","-0,126","-0,089","-0,063","-0,148","38,46%"
"03.06.2020","-0,091","-0,120","-0,087","-0,128","-35,00%"
"02.06.2020","-0,140","-0,148","-0,137","-0,166","14,75%"
"01.06.2020","-0,122","-0,140","-0,101","-0,150","-17,57%"
"29.05.2020","-0,148","-0,145","-0,134","-0,160","12,12%"
"28.05.2020","-0,132","-0,094","-0,083","-0,143","40,43%"
"27.05.2020","-0,094","-0,060","-0,059","-0,108","91,84%"
"26.05.2020","-0,049","-0,038","-0,038","-0,069","0,00%"
"25.05.2020","-0,049","-0,038","0,001","-0,064","-2,97%"
"23.05.2020","-0,051","-0,051","-0,051","-0,051","44,29%"
"22.05.2020","-0,035","-0,030","-0,018","-0,042","84,21%"
"21.05.2020","-0,019","-0,018","0,009","-0,026","11,76%"
"20.05.2020","-0,017","-0,018","0,005","-0,020","-34,62%"
"19.05.2020","-0,026","0,009","0,009","-0,052","-176,47%"
"18.05.2020","0,034","0,081","0,084","0,021","-56,96%"
"15.05.2020","0,079","0,057","0,079","0,027","31,67%"
"14.05.2020","0,060","0,030","0,080","0,015","20,00%"
"13.05.2020","0,050","0,076","0,079","0,021","-40,48%"
"12.05.2020","0,084","0,134","0,138","0,074","-30,00%"
"11.05.2020","0,120","0,123","0,135","0,108","-11,11%"
"08.05.2020","0,135","0,118","0,140","0,098","-11,76%"
"07.05.2020","0,153","0,187","0,238","0,136","-14,04%"
"06.05.2020","0,178","0,122","0,180","0,118","22,76%"
"05.05.2020","0,145","0,087","0,160","0,081","46,46%"
"04.05.2020","0,099","0,085","0,117","0,084","160,53%"
"01.05.2020","0,038","0,038","0,061","0,038","-55,29%"
"30.04.2020","0,085","0,191","0,198","0,062","-58,33%"
"29.04.2020","0,204","0,284","0,291","0,175","-25,82%"
"28.04.2020","0,275","0,344","0,349","0,263","-26,67%"
"27.04.2020","0,375","0,365","0,391","0,333","-15,92%"
"24.04.2020","0,446","0,519","0,539","0,431","-16,01%"
"23.04.2020","0,531","0,575","0,577","0,505","-9,23%"
"22.04.2020","0,585","0,496","0,605","0,491","19,39%"
"21.04.2020","0,490","0,389","0,496","0,379","17,22%"
"20.04.2020","0,418","0,338","0,419","0,328","25,15%"
"17.04.2020","0,334","0,342","0,356","0,304","-12,79%"
"16.04.2020","0,383","0,403","0,407","0,323","-1,29%"
"15.04.2020","0,388","0,323","0,390","0,304","19,02%"
"14.04.2020","0,326","0,298","0,336","0,291","27,59%"
"13.04.2020","0,255","0,255","0,255","0,255","0,00%"
"10.04.2020","0,255","0,255","0,259","0,255","-14,43%"
"09.04.2020","0,298","0,322","0,326","0,276","-6,29%"
"08.04.2020","0,318","0,296","0,326","0,284","3,92%"
"07.04.2020","0,306","0,260","0,307","0,241","26,45%"
"06.04.2020","0,242","0,265","0,271","0,231","-9,36%"
"03.04.2020","0,267","0,227","0,273","0,218","5,95%"
"02.04.2020","0,252","0,242","0,259","0,226","8,62%"
"01.04.2020","0,232","0,163","0,235","0,158","29,61%"
"31.03.2020","0,179","0,100","0,182","0,094","52,99%"
"30.03.2020","0,117","0,036","0,125","0,036","116,67%"
"27.03.2020","0,054","0,056","0,073","-0,008","-59,70%"
"26.03.2020","0,134","0,305","0,307","0,119","-62,57%"
"25.03.2020","0,358","0,325","0,362","0,294","-1,10%"
"24.03.2020","0,362","0,247","0,363","0,217","48,97%"
"23.03.2020","0,243","0,223","0,245","0,203","-7,25%"
"20.03.2020","0,262","0,281","0,325","0,221","-31,23%"
"19.03.2020","0,381","0,317","0,396","0,297","-38,25%"
"18.03.2020","0,617","0,502","0,710","0,497","31,56%"
"17.03.2020","0,469","0,344","0,473","0,336","45,65%"
"16.03.2020","0,322","0,210","0,328","0,210","86,13%"
"13.03.2020","0,173","0,054","0,175","0,053","2.783,33%"
"12.03.2020","0,006","-0,157","0,021","-0,160","-104,96%"
"11.03.2020","-0,121","-0,095","-0,083","-0,154","47,56%"
"10.03.2020","-0,082","-0,128","-0,078","-0,149","-40,58%"
"09.03.2020","-0,138","-0,175","-0,132","-0,189","-40,65%"
"07.03.2020","-0,233","-0,233","-0,233","-0,233","9,67%"
"06.03.2020","-0,212","-0,259","-0,206","-0,260","-16,21%"
"05.03.2020","-0,253","-0,298","-0,241","-0,299","-17,59%"
"04.03.2020","-0,307","-0,282","-0,282","-0,327","15,41%"
"03.03.2020","-0,266","-0,206","-0,205","-0,274","33,67%"
"02.03.2020","-0,199","-0,201","-0,186","-0,244","10,56%"
"28.02.2020","-0,180","-0,175","-0,151","-0,202","-0,55%"
"27.02.2020","-0,181","-0,259","-0,175","-0,259","-26,42%"
"26.02.2020","-0,246","-0,261","-0,227","-0,266","-9,56%"
"25.02.2020","-0,272","-0,258","-0,256","-0,272","3,42%"
"24.02.2020","-0,263","-0,274","-0,261","-0,289","1,54%"
"22.02.2020","-0,259","-0,259","-0,259","-0,259","3,60%"
"21.02.2020","-0,250","-0,264","-0,246","-0,270","-1,96%"
"20.02.2020","-0,255","-0,229","-0,228","-0,259","10,87%"
"19.02.2020","-0,230","-0,217","-0,216","-0,232","3,14%"
"18.02.2020","-0,223","-0,245","-0,219","-0,245","-1,76%"
"17.02.2020","-0,227","-0,210","-0,209","-0,232","6,57%"
"14.02.2020","-0,213","-0,220","-0,212","-0,229","-1,39%"
"13.02.2020","-0,216","-0,230","-0,213","-0,237","2,37%"
"12.02.2020","-0,211","-0,191","-0,187","-0,221","6,03%"
"11.02.2020","-0,199","-0,186","-0,184","-0,211","1,02%"
"10.02.2020","-0,197","-0,193","-0,190","-0,208","4,23%"
"07.02.2020","-0,189","-0,196","-0,182","-0,205","1,07%"
"06.02.2020","-0,187","-0,182","-0,167","-0,188","-1,58%"
"05.02.2020","-0,190","-0,212","-0,186","-0,214","-4,04%"
"04.02.2020","-0,198","-0,204","-0,192","-0,209","-6,60%"
"03.02.2020","-0,212","-0,220","-0,206","-0,225","-6,61%"
"31.01.2020","-0,227","-0,196","-0,194","-0,228","14,07%"
"30.01.2020","-0,199","-0,197","-0,188","-0,201","8,15%"
"29.01.2020","-0,184","-0,181","-0,177","-0,188","4,55%"
"28.01.2020","-0,176","-0,193","-0,170","-0,200","-7,37%"
"27.01.2020","-0,190","-0,168","-0,167","-0,192","29,25%"
"24.01.2020","-0,147","-0,115","-0,113","-0,149","18,55%"
"23.01.2020","-0,124","-0,100","-0,097","-0,126","26,53%"
"22.01.2020","-0,098","-0,086","-0,081","-0,103","7,69%"
"21.01.2020","-0,091","-0,079","-0,062","-0,095","26,39%"
"20.01.2020","-0,072","-0,059","-0,057","-0,074","24,14%"
"17.01.2020","-0,058","-0,056","-0,053","-0,070","9,43%"
"16.01.2020","-0,053","-0,063","-0,050","-0,075","-19,70%"
"15.01.2020","-0,066","-0,064","-0,063","-0,075","29,41%"
"14.01.2020","-0,051","-0,057","-0,049","-0,073","-10,53%"
"13.01.2020","-0,057","-0,087","-0,056","-0,090","-34,48%"
"10.01.2020","-0,087","-0,086","-0,075","-0,093","10,13%"
"09.01.2020","-0,079","-0,082","-0,076","-0,093","-15,96%"
"08.01.2020","-0,094","-0,126","-0,094","-0,126","-16,81%"
"07.01.2020","-0,113","-0,123","-0,108","-0,126","-8,13%"
"06.01.2020","-0,123","-0,141","-0,114","-0,143","-6,11%"
"03.01.2020","-0,131","-0,116","-0,113","-0,145","50,57%"
"02.01.2020","-0,087","-0,070","-0,049","-0,093","3,57%"
"01.01.2020","-0,084","-0,084","-0,084","-0,084","71,43%"